"ID","DatagateID","OwnerAccount","SiteID","Address","Address2","LatEast","LongNorth","HeightAOD","LoggerID","CreateDate","UpdateDate","StartDate","EndDate","Notes","MaintenceNotes","quietdays","IntelligentAlarmStatusFlags","PipeSize","PipeMaterial","ValueLidModified","ValveLidSize","maintenanceflag","ChamberType","QuietMins","IsQuiet"
"3","90619","7","PKA | 6008:","PKA | 6008 PKA: DMA BALIKPAPAN BARU 2",,"-1.24097914540416","116.868456557043","0.0","6","2016-09-28 08:20:00","2024-08-22 04:14:00","2016-10-12 00:00:00","2021-10-05 00:00:00",,,"3",NULL,NULL,NULL,"0",NULL,"0",NULL,NULL,NULL
"4","214","7","PKA | 6002:","PKA | 6002 PKA: DMA GRAHA INDAH 1",,"-1.20067821559031","116.854223582838","0.0","8",NULL,NULL,"2016-10-05 00:00:00","2021-09-28 00:00:00",,,"3",NULL,NULL,NULL,"0",NULL,"0",NULL,NULL,NULL
"5","90751","7","WIL 5 | 5001:","WIL 5 | 5001 WIL 5: PMP OJEK MAXI",,"-1.2117792578736","116.862493943855","0.0","14","2016-10-05 10:50:00","2025-05-14 06:40:00","2017-01-17 00:00:00","2022-01-10 00:00:00",,,"3",NULL,NULL,NULL,"0",NULL,"0",NULL,NULL,NULL
"6","93918","7","WIL 5 | 5003:","WIL 5 | 5003 WIL 5: PMP SIPUR",,"-1.18173355505272","116.852563286165","0.0","15","2017-01-10 04:31:00","2018-08-16 02:25:00","2017-01-17 00:00:00","2022-01-10 00:00:00",,,"3",NULL,NULL,NULL,"0",NULL,"0",NULL,NULL,NULL
"7","93920","7","WIL 3 | 3001:","WIL 3 | 3001 WIL 3: PMP ASOKA BB 2",,"-1.243806","116.866896","0.0","9","2017-01-10 04:38:00","2019-10-23 00:08:00","2017-01-17 00:00:00","2022-01-10 00:00:00",,,"3",NULL,NULL,NULL,"0",NULL,"0",NULL,NULL,NULL
"8","93921","7","WIL 5 | 5004:","WIL 5 | 5004 WIL 5: PMP MASJID RAUDATUL JANAH GRAHA 2",,"-1.19072020211421","116.850382808876","0.0","17","2017-01-10 04:40:00","2018-08-16 02:45:00","2017-01-17 00:00:00","2022-01-10 00:00:00",,,"3",NULL,NULL,NULL,"0",NULL,"0",NULL,NULL,NULL
"9","118925","7","PKA | 6004:","PKA | 6004 PKA: DMA TUMARITIS",,"-1.22747671649188","116.87048879266",,"18","2017-04-20 01:53:00","2019-09-23 01:36:00",NULL,NULL,,,"3",NULL,NULL,NULL,"0",NULL,"0",NULL,NULL,NULL
"10","93919","7","PKA | 6001:","PKA | 6001 PKA: DMA PERUM POLDA",,"-1.20333052132527","116.874139276358","0.0","7","2017-01-10 04:35:00","2023-06-21 22:00:00","2017-01-17 00:00:00","2022-01-10 00:00:00",,,"3",NULL,NULL,NULL,"0",NULL,"0",NULL,NULL,NULL
"11","93959","7","WIL 5 | 5002:","WIL 5 | 5002 WIL 5: PMP PEGADAIAN GRAHA",,"-1.20717775149661","116.862050106735","0.0","20","2017-01-12 02:34:00","2022-02-03 01:55:00","2017-01-19 00:00:00","2022-01-12 00:00:00",,,"3",NULL,NULL,NULL,"0",NULL,"0",NULL,NULL,NULL
"12","118756","7","PKA | 6007:","PKA | 6007 PKA: DMA BALIKPAPAN BARU 1",,"-1.23950642130345","116.870757567213","0.0","10","2017-04-20 01:53:00","2022-10-13 03:16:00","2017-04-27 00:00:00","2022-04-20 00:00:00",,,NULL,NULL,NULL,NULL,"0",NULL,"0",NULL,NULL,NULL
"13","143734","7","PKA | 6005:","PKA | 6005 PKA: DMA WIKA",,"-1.23068969278302","116.874196877316",,"11","2018-01-11 02:39:00","2019-09-23 01:33:00",NULL,NULL,,,"3",NULL,NULL,NULL,"0",NULL,"0",NULL,NULL,NULL
"14","145370","7","PKA | 6006:","PKA | 6006 PKA: DMA BESAR BALIKPAPAN BARU",,"-1.240331","116.873157",,"22","2018-01-17 02:47:00","2019-09-23 01:34:00",NULL,NULL,,,"3",NULL,NULL,NULL,"0",NULL,"0",NULL,NULL,NULL
"15","173677","7","WIL 4 | 4017:","WIL 4 | 4017 WIL 4: PMP DEKAT GANG LIVERPOL INPRES 1",,"-1.2324346","116.8396464","0","25","2018-05-09 06:21:00","2019-09-23 01:36:00",NULL,NULL,,,"3",NULL,NULL,NULL,"0",NULL,"0",NULL,NULL,NULL
"16","181732","7","IPA | 7009:","IPA | 7009 IPA: DISTRIBUSI ZAMP",,"-1.241732","116.887803",,"26","2018-07-12 13:29:00","2024-07-01 16:46:00",NULL,NULL,,,"3",NULL,NULL,NULL,"0",NULL,"0",NULL,NULL,NULL
"17","181733","7","PKA | 6010:","PKA | 6010 PKA: DMA BALIKPAPAN BARU 4",,"-1.23947948283735","116.872281090807","0.0","29","2018-07-12 13:32:00","2022-02-24 04:04:00",NULL,NULL,,,"3",NULL,NULL,NULL,"0",NULL,"0",NULL,NULL,NULL
"18","182236","7","PKA | 6014:","PKA | 6014 PKA: DMA BALIKPAPAN REGENCY",,"-1.229721","116.891598",,"30","2018-07-19 08:00:00","2019-09-23 01:38:00",NULL,NULL,,,"3",NULL,NULL,NULL,"0",NULL,"0",NULL,NULL,NULL
"19","182784","7","PKA | 6011:","PKA | 6011 PKA: DMA PERUM POS & BDS",,"-1.2607481","116.8700921","0","32","2018-07-21 15:37:00","2019-09-23 01:42:00","2018-07-18 00:00:00","2030-04-14 00:00:00",,,"3",NULL,NULL,NULL,"0",NULL,"0",NULL,NULL,NULL
"20","182785","7","PKA | 6009:","PKA | 6009 PKA: DMA BALIKPAPAN BARU 3",,"-1.24223562103767","116.865244953373",,"34","2018-07-21 15:44:00","2025-04-14 06:37:00",NULL,NULL,,,"3",NULL,NULL,NULL,"0",NULL,"0",NULL,NULL,NULL
"21","182786","7","IPA | 7003:","IPA | 7003 IPA: AIR BAKU IPA KM 8",,"-1.21408245937236","116.88721485436","0","36","2018-07-21 16:01:00","2020-03-02 01:02:00",NULL,NULL,,,"3",NULL,NULL,NULL,"0",NULL,"0",NULL,NULL,NULL
"22","187650","7","WIL 1 | 1006:","WIL 1 | 1006 WIL 1: PMP ZURICH",,"-1.269933","116.858713","0","37","2018-08-14 05:20:00",NULL,NULL,NULL,,,"3",NULL,NULL,NULL,"0",NULL,"0",NULL,NULL,NULL
"23","187649","7","IPA | 7004:","IPA | 7004 IPA: DISTRIBUSI KM 8",,"-1.2134932","116.8870465","0","39","2018-08-14 04:11:00","2025-05-14 06:31:00",NULL,NULL,,,"3",NULL,NULL,NULL,"0",NULL,"0",NULL,NULL,NULL
"24","3210737","7","WIL 1 | 1008:","WIL 1 | 1008 WIL 1: PMP POKA ATAS BATASAN PRV MANUNGGAL",,"-1.2613938","116.8800201","0","40",NULL,NULL,NULL,NULL,,,"3",NULL,NULL,NULL,"0",NULL,"0",NULL,NULL,NULL
"25","195371","7","WIL 5 | 5008:","WIL 5 | 5008 WIL 5: PMP SEBERANG PUSKESMA KM 12",,"-1.16932774686531","116.880317759553","0","61","2018-10-09 23:45:00","2024-02-21 23:27:00",NULL,NULL,,,"3",NULL,NULL,NULL,"0",NULL,"0",NULL,NULL,NULL
"26","188764","7","WIL 5 | 5007:","WIL 5 | 5007 WIL 5: PMP LKMD PERUMNAS",,"-1.2145393383734593","116.84526711711305","0","60","2018-09-03 00:46:00","2023-06-05 01:26:00",NULL,NULL,,,NULL,NULL,NULL,NULL,"0",NULL,"0",NULL,NULL,NULL
"27","195079","7","WIL 5 | 5009:","WIL 5 | 5009 WIL 5: PMP SUNGAI WAIN DALAM",,"-1.14343026338796","116.86660945416338","0","59","2018-10-08 00:57:00",NULL,NULL,NULL,,,"3",NULL,NULL,NULL,"0",NULL,"0",NULL,NULL,NULL
"28","194343","7","WIL 1 | 1004","WIL 1 | 1004 WIL 1: PMP MASJID AL FALAH",,"-1.257560003464063","116.90887033939362","0","58","2018-10-03 00:24:00","2023-06-20 07:15:00",NULL,NULL,,,NULL,NULL,NULL,NULL,"0",NULL,"0",NULL,NULL,NULL
"29","194341","7","BOOSTER | 8001:","BOOSTER | 8001 BOOSTER: INPUT OUTPUT BOOSTER DAKSA",,"-1.2548730759781","116.925339102745","0","57","2018-10-03 00:00:00","2023-06-20 07:14:00",NULL,NULL,,,"3",NULL,NULL,NULL,"0",NULL,"0",NULL,NULL,NULL
"30","193979","7","WIL 1 | 1001:","WIL 1 | 1001 WIL 1: PMP SEPINGGAN PRATAMA",,"-1.2218735216963104","116.88206970691681","0","56","2018-10-02 00:12:00","2023-06-19 12:40:00",NULL,NULL,,,NULL,NULL,NULL,NULL,"0",NULL,"0",NULL,NULL,NULL
"31","194342","7","WIL 1 | 1003:","WIL 1 | 1003 WIL 1: PMP PERUM TOTAL",,"-1.2621454721234389","116.88746094703674","0","55","2018-10-03 00:09:00","2025-08-04 10:33:00",NULL,NULL,,,NULL,NULL,NULL,NULL,"0",NULL,"0",NULL,NULL,NULL
"32","194344","7","WIL 1 | 1005:","WIL 1 | 1005 WIL 1: PMP AROMA JALUR TERITIP",,"-1.2352653943850824","116.9539690016602","0","54","2018-10-03 00:28:00","2023-06-20 07:15:00",NULL,NULL,,,"3",NULL,NULL,NULL,"0",NULL,"0",NULL,NULL,NULL
"33","195372","7","WIL 5 | 5016:","WIL 5 | 5016 WIL 5: PMP POLTEKBA KM 8",,"-1.20312887401924","116.88612633328","0","52","2018-10-09 23:51:00","2023-06-20 07:22:00",NULL,NULL,,,"3",NULL,NULL,NULL,"0",NULL,"0",NULL,NULL,NULL
"34","195078","7","WIL 3 | 3005:","WIL 3 | 3005 WIL 3: PMP LAS VEGAS",,"-1.2611747","116.847555","0","51","2018-10-08 00:50:00","2025-06-24 08:37:00",NULL,NULL,,,"3",NULL,NULL,NULL,"0",NULL,"0",NULL,NULL,NULL
"35","194634","7","WIL 3 | 3003:","WIL 3 | 3003 WIL 3: PMP ADPEL ATAS",,"-1.2517195527736626","116.84451878070831","0","50","2018-10-04 01:33:00","2023-06-20 07:18:00",NULL,NULL,,,"3",NULL,NULL,NULL,"0",NULL,"0",NULL,NULL,NULL
"36","195077","7","WIL 3 | 3004:","WIL 3 | 3004 WIL 3: PMP INDRAKILA",,"-1.2340348","116.848502","0","49","2018-10-08 00:29:00","2023-06-20 07:19:00",NULL,NULL,,,"3",NULL,NULL,NULL,"0",NULL,"0",NULL,NULL,NULL
"37","194630","7","WIL 4 | 4002:","WIL 4 | 4002 WIL 4: RESERVOIR GN MERIAM",,"-1.23094267458068","116.817154884338","0","48","2018-10-04 00:58:00","2023-06-20 07:16:00",NULL,NULL,,,"3",NULL,NULL,NULL,"0",NULL,"0",NULL,NULL,NULL
"38","194633","7","WIL 4 | 4005:","WIL 4 | 4005 WIL 4: PMP BENGKEL VW TELINDUNG",,"-1.2213693810161959","116.83664917945748","0","46","2018-10-04 01:25:00","2023-06-20 07:18:00",NULL,NULL,,,NULL,NULL,NULL,NULL,"0",NULL,"0",NULL,NULL,NULL
"39","194632","7","WIL 4 | 4004:","WIL 4 | 4004 WIL 4: PMP PEMANCINGAN GN 4",,"-1.2206775282216418","116.82848453521729","0","45","2018-10-04 01:13:00",NULL,NULL,NULL,,,NULL,NULL,NULL,NULL,"0",NULL,"0",NULL,NULL,NULL
"40","194631","7","BOOSTER | 8007:","BOOSTER | 8007 BOOSTER: BOOSTER GUNUNG 4",,"-1.2210154","116.8230826","0","44","2018-10-04 01:07:00","2023-06-20 07:17:00",NULL,NULL,,,"3",NULL,NULL,NULL,"0",NULL,"0",NULL,NULL,NULL
"41","194345","7","WIL 4 | 4001:","WIL 4 | 4001 WIL 4: PMP JUMPI",,"-1.22078795433982","116.812146794192","0","43","2018-10-03 00:35:00","2023-06-20 07:16:00",NULL,NULL,,,"3",NULL,NULL,NULL,"0",NULL,"0",NULL,NULL,NULL
"42","193882","7","WIL 5 | 5006:","WIL 5 | 5006 WIL 5: PMP BARU SIMPANG TIGA PERUMNAS",,"-1.2190171","116.8425522","0","42","2018-10-01 01:19:00","2024-11-18 08:52:00",NULL,NULL,,,"3",NULL,NULL,NULL,"0",NULL,"0",NULL,NULL,NULL
"43","187652","7","WIL 5 | 5005:","WIL 5 | 5005 WIL 5: PMP SD BABINSA",,"-1.22123472833695","116.84680198165","0","41","2018-08-14 06:10:00",NULL,NULL,NULL,,,"3",NULL,NULL,NULL,"0",NULL,"0",NULL,NULL,NULL
"44","198323","7","WIL 2 | 2003:","WIL 2 | 2003 WIL 2: PMP JEMBATAN SIRAJUDIN",,"-1.2754258553684763","116.84579081833363","0","67","2018-10-16 23:53:00","2023-06-20 07:48:00",NULL,NULL,,,NULL,NULL,NULL,NULL,"0",NULL,"0",NULL,NULL,NULL
"45","198324","7","WIL 2 | 2004:","WIL 2 | 2004 WIL 2: PMP SD SIMPANG 3 GN MALANG",,"-1.27514563395378","116.84643387794495","0","65","2018-10-17 00:00:00","2023-06-20 07:48:00",NULL,NULL,,,"3",NULL,NULL,NULL,"0",NULL,"0",NULL,NULL,NULL
"46","198325","7","WIL 2 | 2005:","WIL 2 | 2005 WIL 2: PMP PRAPATAN DEPAN MAN",,"-1.2752716673304976","116.81832164574939","0","62","2018-10-17 00:05:00","2023-06-20 07:48:00",NULL,NULL,,,"3",NULL,NULL,NULL,"0",NULL,"0",NULL,NULL,NULL
"47","198322","7","WIL 2 | 2002:","WIL 2 | 2002 WIL 2: PMP KPU",,"-1.276675","116.809319","0","64","2018-10-16 23:48:00","2023-06-20 07:47:00",NULL,NULL,,,"3",NULL,NULL,NULL,"0",NULL,"0",NULL,NULL,NULL
"48","195373","7","WIL 2 | 2001:","WIL 2 | 2001 WIL 2: PMP KARANG BUGIS",,"-1.2519474861257356","116.83714807033539","0","63","2018-10-10 03:38:00","2023-06-20 07:22:00",NULL,NULL,,,"3",NULL,NULL,NULL,"0",NULL,"0",NULL,NULL,NULL
"49","193978","7","PKA | 6018:","PKA | 6018 PKA: DMA RS PERTAMINA",,"-1.27933688503531","116.818678379059","0","53","2018-10-01 23:53:00",NULL,NULL,NULL,,,"3",NULL,"64","11","0","64","0",NULL,NULL,NULL
"50","198326","7","PKA | 6012:","PKA | 6012 PKA: DMA AL MAKMUR",,"-1.25955508555675","116.862540543079","0","66","2018-10-17 00:09:00","2023-06-20 07:49:00",NULL,NULL,,,"3",NULL,NULL,NULL,"0",NULL,"0",NULL,NULL,NULL
"51","229279","7","PKA | 6013:","PKA | 6013 PKA: DMA PENEGAK",,"-1.26374636191065","116.86046987772",,"69","2019-01-03 03:55:00","2024-06-05 04:07:00",NULL,NULL,,,"3",NULL,NULL,NULL,"0",NULL,"0",NULL,NULL,NULL
"52","235648","7","IPA | 7006","IPA | 7006 IPA: DISTRIBUSI IPA WADUK MANGGAR KM 12",,"-1.17355335826177","116.91786378622",,"70","2019-01-30 00:32:00","2019-09-23 01:41:00",NULL,NULL,,,"3",NULL,NULL,NULL,"0",NULL,"0",NULL,NULL,NULL
"53","237756","7","PKA | 6015:","PKA | 6015 PKA: DMA KNPI",,"-1.24199348414864","116.890328228474","0","71","2019-02-14 00:21:00","2020-05-13 00:24:00",NULL,NULL,,,"3",NULL,NULL,NULL,"0",NULL,"0",NULL,NULL,NULL
"54","258532","7","PKA | 6020:","PKA | 6020 PKA: DMA BATU AMPAR 2 MASJID PIPA 6 INCHI",,"-1.2252899","116.8651128","0","72","2019-04-25 08:27:00","2023-06-20 07:53:00",NULL,NULL,,,"3",NULL,"63","9","0","63","0",NULL,NULL,NULL
"55","258572","7","PKA | 6016:","PKA | 6016 PKA: DMA GRIYA WIYATA KM 09",,"-1.1920700650676","116.88151717186","0","73","2019-04-25 08:51:00",NULL,NULL,NULL,,,"3",NULL,NULL,NULL,"0",NULL,"0",NULL,NULL,NULL
"56","265811","7","PKA | 6017:","PKA | 6017 PKA: DMA WONOREJO",,"-1.23669199740862","116.855332106352","0","74","2019-05-12 23:44:00","2023-06-20 08:57:00",NULL,NULL,,,"3",NULL,"62","9","0","62","0",NULL,NULL,NULL
"57","382938","7","WIL 1 | 1011:","WIL 1 | 1011 WIL 1: PMP PANTI JOMPO",,"-1.24861941980623","116.904606961098",,"98","2019-10-21 03:13:00","2019-11-15 02:57:00",NULL,NULL,,,NULL,NULL,NULL,NULL,"0",NULL,"0",NULL,NULL,NULL
"58","382937","7","WIL 1 | 1010:","WIL 1 | 1010 WIL 1: PMP PT HER ATAS",,"-1.24122736137875","116.901393277163",,"97","2019-10-21 02:29:00","2019-10-21 23:35:00",NULL,NULL,,,NULL,NULL,NULL,NULL,"0",NULL,"0",NULL,NULL,NULL
"59","382936","7","WIL 1 | 1009:","WIL 1 | 1009 WIL 1: PMP KBC 250",,"-1.25164561511615","116.931219661405",,"99","2019-10-21 02:22:00","2024-06-05 03:57:00",NULL,NULL,,,NULL,NULL,NULL,NULL,"0",NULL,"0",NULL,NULL,NULL
"60","382935","7","BOOSTER | 8002:","BOOSTER | 8002 BOOSTER: OUTPUT BOOSTER BINKOT",,"-1.24580589558194","116.890372266077","0","96","2019-10-21 01:41:00","2019-10-23 04:54:00",NULL,NULL,,,NULL,NULL,NULL,NULL,"0",NULL,"0",NULL,NULL,NULL
"61","378741","7","WIL 1 | 1007:","WIL 1 | 1007 WIL 1: PMP JEMBATAN SEPINGGAN (250 KAMPUNG DAMAI)",,"-1.25758829699804","116.904431157037",,"95","2019-10-15 14:07:00","2020-02-03 03:14:00",NULL,NULL,,,NULL,NULL,NULL,NULL,"0",NULL,"0",NULL,NULL,NULL
"62","188391","7","WIL 2 | 2006:","WIL 2 | 2006 WIL 2: PMP BULOG",,"-1.27185000734141","116.852551341005","0","78","2018-08-27 01:05:00","2023-06-01 01:36:00",NULL,NULL,,,NULL,NULL,NULL,NULL,"0",NULL,"0",NULL,NULL,NULL
"63","375312","7","WIL 2 | 2007","WIL 2 | 2007 WIL 2: PMP GUNUNG SARI (BUBUR AYAM SAMARINDA)",,"-1.26453998360136","116.837489338636",,"85","2019-10-14 04:51:00","2020-07-02 00:26:00",NULL,NULL,,,NULL,NULL,NULL,NULL,"0",NULL,"0",NULL,NULL,NULL
"64","375313","7","WIL 2 | 2008","WIL 2 | 2008 WIL 2: PMP KULKAS GUNUNG SARI",,"-1.27180281251456","116.843550624676",,"90","2019-10-14 05:01:00","2019-10-16 02:22:00",NULL,NULL,,,NULL,NULL,NULL,NULL,"0",NULL,"0",NULL,NULL,NULL
"65","375314","7","WIL 2 | 2009","WIL 2 | 2009 WIL 2: PMP SD PRAPATAN BAWAH",,"-1.27359227006561","116.821137657504",,"86","2019-10-14 05:05:00","2020-09-09 04:14:00",NULL,NULL,,,NULL,NULL,NULL,NULL,"0",NULL,"0",NULL,NULL,NULL
"66","375315","7","WIL 2 | 2010","WIL 2 | 2010 WIL 2: PMP MARTADINATA (DEPAN YAYASAN PINTU MAS)",,"-1.26135828171618","116.83252098216",,"87","2019-10-14 05:07:00","2019-10-16 01:05:00",NULL,NULL,,,NULL,NULL,NULL,NULL,"0",NULL,"0",NULL,NULL,NULL
"67","375316","7","WIL 2 | 2011","WIL 2 | 2011 WIL 2: PMP PAK MUKSIN PIPA 400 MM KAMPUNG DAMAI",,"-1.26125248599392","116.839477245022",,"88","2019-10-14 05:09:00","2019-10-16 03:03:00",NULL,NULL,,,NULL,NULL,NULL,NULL,"0",NULL,"0",NULL,NULL,NULL
"68","200882","7","BOOSTER | 8004:","BOOSTER | 8004 BOOSTER: INPUT OUTPUT BOSTER SUNGAI AMPAL",,"-1.247421","116.8539333","0","68","2018-10-25 00:28:00","2024-07-01 16:50:00",NULL,NULL,,,"3",NULL,NULL,NULL,"0",NULL,"0",NULL,NULL,NULL
"69","375348","7","BOOSTER | 8005:","BOOSTER | 8005 BOOSTER: OUTPUT BOOSTER BONTO BULAENG",,"-1.24759529646647","116.84177622199","0","93","2019-10-14 07:10:00","2024-05-20 23:32:00",NULL,NULL,,,NULL,NULL,NULL,NULL,"0",NULL,"0",NULL,NULL,NULL
"70","378709","7","WIL 3 | 3008:","WIL 3 | 3008 WIL 3: PMP WIKA",,"-1.2332294278858","116.866776879182",,"94","2019-10-15 14:03:00","2024-06-05 04:05:00",NULL,NULL,,,NULL,NULL,NULL,NULL,"0",NULL,"0",NULL,NULL,NULL
"71","375318","7","WIL 3 | 3009","WIL 3 | 3009 WIL 3: PMP POM BENSIN ABRI GUNUNG MALANG",,"-1.26244930498536","116.845185070227",,"89","2019-10-14 05:22:00","2019-10-16 03:12:00",NULL,NULL,,,NULL,NULL,NULL,NULL,"0",NULL,"0",NULL,NULL,NULL
"72","375342","7","WIL 3 | 3010","WIL 3 | 3010 WIL 3: PMP PUSKESMAS JL BINARAGA",,"-1.24731497562497","116.846677376051",,"91","2019-10-14 07:06:00","2019-10-15 14:56:00",NULL,NULL,,,NULL,NULL,NULL,NULL,"0",NULL,"0",NULL,NULL,NULL
"73","375345","7","WIL 3 | 3011","WIL 3 | 3011 WIL 3: PMP BARU DEPAN PUSKIB",,"-1.2580697","116.8393075","0","92","2019-10-14 07:08:00","2019-10-15 15:00:00",NULL,NULL,,,"3",NULL,NULL,NULL,"0",NULL,"0",NULL,NULL,NULL
"74","229278","7","BOOSTER | 8006:","BOOSTER | 8006 BOOSTER: INPUT OUTPUT BOOSTER GUNUNG RAMBUTAN",,"-1.25243415620493","116.838046944928","0","75","2019-01-03 03:48:00",NULL,NULL,NULL,,,NULL,NULL,NULL,NULL,"0",NULL,"0",NULL,NULL,NULL
"75","198834","7","BOOSTER | 8008:","BOOSTER | 8008 BOOSTER: PMP INPUT OUTPUT BOOSTER RAPAK",,"-1.24151214069728","116.834217756987","0","76","2018-10-18 00:07:00","2023-06-20 07:49:00",NULL,NULL,,,"3",NULL,NULL,NULL,"0",NULL,"0",NULL,NULL,NULL
"76","388278","7","WIL 4 | 4008:","WIL 4 | 4008 WIL 4: PMP PATRIOT",,"-1.23259421459834","116.825522494905",,"103","2019-10-24 07:09:00","2019-10-24 07:18:00",NULL,NULL,,,NULL,NULL,NULL,NULL,"0",NULL,"0",NULL,NULL,NULL
"77","392072","7","WIL 4 | 4009:","WIL 4 | 4009 WIL 4: PMP KEMBANG SEBERANG GANG SEJAHTERA 1 KAMPUNG BARU",,"-1.2253227","116.815388","0","104","2019-10-30 03:54:00","2019-11-19 01:19:00",NULL,NULL,,,NULL,NULL,NULL,NULL,"0",NULL,"0",NULL,NULL,NULL
"78","392073","7","WIL 4 | 4010:","WIL 4 | 4010 WIL 4: PMP MINANGKABAU 200 MM",,"-1.23400858806466","116.831290189911",,"105","2019-10-30 04:01:00",NULL,NULL,NULL,,,NULL,NULL,NULL,NULL,"0",NULL,"0",NULL,NULL,NULL
"79","392074","7","WIL 4 | 4011:","WIL 4 | 4011 WIL 4: PMP GERBANG ASKIT",,"-1.23030459255843","116.820639727206",,"106","2019-10-30 04:55:00","2019-10-30 05:53:00",NULL,NULL,,,NULL,NULL,NULL,NULL,"0",NULL,"0",NULL,NULL,NULL
"80","392075","7","WIL 4 | 4012:","WIL 4 | 4012 WIL 4: PMP RONI INPRES 4",,"-1.22828859124154","116.836326373992",,"107","2019-10-30 05:09:00","2019-10-30 05:09:00",NULL,NULL,,,NULL,NULL,NULL,NULL,"0",NULL,"0",NULL,NULL,NULL
"81","276274","7","WIL 5 | 5010","WIL 5 | 5010 WIL 5: PMP IBNUL QAYIM",,"-1.20841529538434","116.857927174713",,"84","2019-05-29 01:51:00","2023-06-20 09:01:00",NULL,NULL,,,NULL,NULL,NULL,NULL,"0",NULL,"0",NULL,NULL,NULL
"82","375308","7","WIL 5 | 5011","WIL 5 | 5011 WIL 5: PMP PERUMAHAN DMR KARIANGAU DALAM DEPAN MASJID",,"-1.18046186422618","116.844091360119",,"80","2019-10-14 04:35:00","2019-11-03 23:22:00",NULL,NULL,,,NULL,NULL,NULL,NULL,"0",NULL,"0",NULL,NULL,NULL
"83","375309","7","WIL 5 | 5012","WIL 5 | 5012 WIL 5: PMP SIMPANG TIGA DALAM STT MIGAS",,"-1.196190927809","116.890483346711",,"81","2019-10-14 04:44:00","2021-06-17 12:57:00",NULL,NULL,,,NULL,NULL,NULL,NULL,"0",NULL,"0",NULL,NULL,NULL
"84","375310","7","WIL 5 | 5013","WIL 5 | 5013 WIL 5: PMP KARET KARET TAMAN SARI BUKIT BATUAH",,"-1.18869692776505","116.868750320344",,"82","2019-10-14 04:47:00","2021-06-17 13:05:00",NULL,NULL,,,"3",NULL,NULL,NULL,"0",NULL,"0",NULL,NULL,NULL
"85","375311","7","WIL 5 | 5014","WIL 5 | 5014 WIL 5: PMP DEPAN MASJID AL IKHLAS PERUM VIP II",,"-1.19523189326073","116.869362706447",,"83","2019-10-14 04:49:00","2019-10-16 03:36:00",NULL,NULL,,,NULL,NULL,NULL,NULL,"0",NULL,"0",NULL,NULL,NULL
"86","388259","7","WIL 3 | 3012:","WIL 3 | 3012 WIL 3: PMP BLOK S BALIKPAPAN BARU",,"-1.23819991485823","116.867822447351","0","102","2019-10-24 06:53:00","2019-10-24 06:53:00",NULL,NULL,,,"3",NULL,NULL,NULL,"0",NULL,"0",NULL,NULL,NULL
"87","382939","7","WIL 5 | 5015","WIL 5 | 5015 WIL 5: PMP BATASAN GRAHA INDAH PERUMAHAN PDAM",,"-1.20136773604459","116.852031320194",,"100","2019-10-21 03:28:00","2019-12-12 00:42:00",NULL,NULL,,,NULL,NULL,NULL,NULL,"0",NULL,"0",NULL,NULL,NULL
"88","388265","7","WIL 3 | 3013:","WIL 3 | 3013 WIL 3: PMP PAK RT RENGGANIS",,"-1.24276238691951","116.880468265841",,"101","2019-10-24 07:01:00","2023-05-29 05:34:00",NULL,NULL,,,NULL,NULL,NULL,NULL,"0",NULL,"0",NULL,NULL,NULL
"89","690671","7","PKA | 6024:","PKA | 6024 PKA: DMA BDI",,"-1.25552469637066","116.86904758215",,"130","2020-10-05 09:03:00","2024-11-05 08:11:00",NULL,NULL,,,"3",NULL,NULL,NULL,"0",NULL,"0",NULL,NULL,NULL
"90","682073","7","BOOSTER | 8009:","BOOSTER | 8009 BOOSTER: PMP OUTPUT BOOSTER TEPIAN",,"-1.2643354","116.8346242","0","128","2020-09-28 06:55:00","2020-09-28 06:55:00",NULL,NULL,,,"3",NULL,NULL,NULL,"0",NULL,"0",NULL,NULL,NULL
"91","664046","7","PKA | 6021:","PKA | 6021 PKA: DMA SPN (EKS BPJS)",,"-1.2730218","116.8517125","0","127","2020-09-14 07:19:00","2020-09-14 07:19:00",NULL,NULL,,,"3",NULL,NULL,NULL,"0",NULL,"0",NULL,NULL,NULL
"92","682065","7","PKA | 6023:","PKA | 6023 PKA: DMA PENGGALANG",,"-1.2638482610597","116.859606206417",,"126","2020-09-28 06:46:00",NULL,NULL,NULL,,,"3",NULL,NULL,NULL,"0",NULL,"0",NULL,NULL,NULL
"93","682053","7","PKA | 6022:","PKA | 6022 PKA: DMA AZKO (EKS ACE HARDWARE)",,"-1.2716221","116.8533513","0","125","2020-09-28 06:31:00",NULL,NULL,NULL,,,"3",NULL,NULL,NULL,"0",NULL,"0",NULL,NULL,NULL
"94","664040","7","WIL 1 | 1017:","WIL 1 | 1017 WIL 1: PMP JALAN PERSATUAN PASAR MANGGAR",,"-1.21070463820439","116.968088150024",,"124","2020-09-14 07:13:00","2021-07-08 03:14:00",NULL,NULL,,,"3",NULL,NULL,NULL,"0",NULL,"0",NULL,NULL,NULL
"95","655919","7","WIL 1 | 1014:","WIL 1 | 1014 WIL 1: PMP SEBERANG PUSKESMAS MANGGAR 6 INCHI",,"-1.21861068398454","116.969004794955",,"123","2020-09-04 13:48:00","2020-09-07 01:57:00",NULL,NULL,,,"3",NULL,NULL,NULL,"0",NULL,"0",NULL,NULL,NULL
"96","664018","7","WIL 1 | 1016:","WIL 1 | 1016 WIL 1: PMP GUNUNG TEMBAK DALAM",,"-1.13477916709742","116.996648311615",,"122","2020-09-14 06:45:00","2020-09-14 06:49:00",NULL,NULL,,,"3",NULL,NULL,NULL,"0",NULL,"0",NULL,NULL,NULL
"97","663998","7","WIL 1 | 1015:","WIL 1 | 1015 WIL 1: PMP KAYU KAYU LAMARU",,"-1.18814415813203","116.996133327484",,"121","2020-09-14 06:33:00","2020-09-21 00:27:00",NULL,NULL,,,NULL,NULL,NULL,NULL,"0",NULL,"0",NULL,NULL,NULL
"98","651265","7","WIL 3 | 3016:","WIL 3 | 3016 WIL 3: PMP GUNUNG STELING",,"-1.23051578696989","116.845881840663",,"120","2020-09-01 05:39:00","2020-09-02 00:09:00",NULL,NULL,,,NULL,NULL,NULL,NULL,"0",NULL,"0",NULL,NULL,NULL
"99","651263","7","WIL 2 | 2014","WIL 2 | 2014 WIL 2: PMP PASIR RIDGE",,"-1.27260595437198","116.826508535705",,"119","2020-09-01 05:33:00","2020-09-02 00:16:00",NULL,NULL,,,NULL,NULL,NULL,NULL,"0",NULL,"0",NULL,NULL,NULL
"100","651262","7","WIL 2 | 2013","WIL 2 | 2013 WIL 2: PMP TELAGASARI III LAPANGAN VOLLY",,"-1.26670315863237","116.830580673651",,"118","2020-09-01 05:17:00","2020-09-02 00:01:00",NULL,NULL,,,NULL,NULL,NULL,NULL,"0",NULL,"0",NULL,NULL,NULL
"101","650981","7","WIL 2 | 2012","WIL 2 | 2012 WIL 2: PMP JALAN BANJAR 2 INCHI",,"-1.2658269957657","116.840441651585",,"117","2020-08-31 04:04:00","2020-08-31 04:04:00",NULL,NULL,,,"3",NULL,NULL,NULL,"0",NULL,"0",NULL,NULL,NULL
"102","650979","7","WIL 5 | 5019:","WIL 5 | 5019 WIL 5: PMP PADAT KARYA KM 08",,"-1.19910128602797","116.882847547531",,"116","2020-08-31 03:36:00","2020-08-31 23:59:00",NULL,NULL,,,"3",NULL,NULL,NULL,"0",NULL,"0",NULL,NULL,NULL
"103","650980","7","WIL 5 | 5020:","WIL 5 | 5020 WIL 5: PMP GAPURA BUKIT BATUAH",,"-1.19269798822197","116.8667054868",,"115","2020-08-31 03:49:00","2020-08-31 03:49:00",NULL,NULL,,,NULL,NULL,NULL,NULL,"0",NULL,"0",NULL,NULL,NULL
"104","607873","7","WIL 1 | 1013:","WIL 1 | 1013 WIL 1: PMP SEBERANG KANTOR POLDA",,"-1.22988988053954","116.887188684558",,"114","2020-07-14 03:37:00","2020-07-14 03:37:00",NULL,NULL,,,"3",NULL,NULL,NULL,"0",NULL,"0",NULL,NULL,NULL
"105","607872","7","WIL 5 | 5017:","WIL 5 | 5017 WIL 5: PMP DMA POLDA UJUNG",,"-1.20223007415102","116.869198201857",,"113","2020-07-14 03:27:00","2020-07-14 03:27:00",NULL,NULL,,,NULL,NULL,NULL,NULL,"0",NULL,"0",NULL,NULL,NULL
"106","607044","7","WIL 1 | 1012:","WIL 1 | 1012 WIL 1: PMP BDS PUNGGUNGAN",,"-1.26285209582965","116.871222094016",,"112","2020-07-13 00:49:00",NULL,NULL,NULL,,,NULL,NULL,NULL,NULL,"0",NULL,"0",NULL,NULL,NULL
"107","607871","7","WIL 3 | 3015:","WIL 3 | 3015 WIL 3: PMP BCA BALIKPAPAN BARU 1",,"-1.2413795124219","116.872661495684",,"111","2020-07-14 03:16:00","2020-07-14 03:16:00",NULL,NULL,,,"3",NULL,NULL,NULL,"0",NULL,"0",NULL,NULL,NULL
"108","392076","7","PKA | 6019:","PKA | 6019 PKA: DMA BATU AMPAR 1 SEBERANG POS DISHUB 4 INCHI",,"-1.2171782","116.8541888","0","110","2019-10-30 05:50:00","2019-10-30 05:50:00",NULL,NULL,,,"3",NULL,"62","9","0","62","0",NULL,NULL,NULL
"109","701131","7","PKA | 6025:","PKA | 6025 PKA: DMA POKA",,"-1.2669367","116.8817415","0","131","2020-10-14 00:48:00","2020-10-14 00:48:00",NULL,NULL,,,NULL,NULL,NULL,NULL,"0",NULL,"0",NULL,NULL,NULL
"110","756065","7","PKA | 6003:","PKA | 6003 PKA:  DMA DAUN VILAGE",,"-1.23750116259959","116.874338914136","0","132","2020-11-27 03:47:00",NULL,NULL,NULL,,,NULL,NULL,NULL,NULL,"0",NULL,"0",NULL,NULL,NULL
"111","783638","7","WIL 5 | 5022:","WIL 5 | 5022 WIL 5: PMP GAPURA KM 17",,"-1.1389706","116.8799614","0","133","2020-12-22 05:56:00","2025-02-27 04:03:00",NULL,NULL,,,"3",NULL,NULL,NULL,"0",NULL,"0",NULL,NULL,NULL
"112","786649","7","WIL 5 | 5023:","WIL 5 | 5023 WIL 5: PMP GANG SELAMET KM 18",,"-1.15174880688174","116.877965927124",,"134","2020-12-28 05:51:00","2024-03-06 00:36:00",NULL,NULL,,,"3",NULL,NULL,NULL,"0",NULL,"0",NULL,NULL,NULL
"113","786650","7","IPA | 7007","IPA | 7007 IPA: DISTRIBUSI IPA GUNUNG SARI",,"-1.26338258653413","116.837946682748",,"135","2020-12-28 06:03:00","2020-12-29 04:02:00",NULL,NULL,,,NULL,NULL,NULL,NULL,"0",NULL,"0",NULL,NULL,NULL
"114","831133","7","IPA | 7008","IPA | 7008 IPA: DISTRIBUSI IPA PRAPATAN",,"-1.26938566932267","116.82423055172",,"137","2021-02-04 05:09:00","2021-03-22 08:15:00",NULL,NULL,,,"3",NULL,NULL,NULL,"0",NULL,"0",NULL,NULL,NULL
"115","901651","7","WIL 5 | 5024:","WIL 5 | 5024 WIL 5: PMP NUSANTARA LESTARI",,"-1.19519566712551","116.895910314074",,"140","2021-03-23 04:23:00","2021-03-23 04:29:00",NULL,NULL,,,"3",NULL,NULL,NULL,"0",NULL,"0",NULL,NULL,NULL
"116","1031977","7","PKA | 6026:","PKA | 6026 PKA: DMA GUNUNG TEMBAK",,"-1.14860589129036","116.999161541462",,"146","2021-07-08 00:46:00","2021-07-08 03:25:00",NULL,NULL,,,"3",NULL,NULL,NULL,"0",NULL,"0",NULL,NULL,NULL
"117","1032204","7","PKA | 6027:","PKA | 6027 PKA: DMA TELKOM",,"-1.25626748978878","116.868245601654",,"147","2021-07-08 07:40:00","2021-07-08 07:40:00",NULL,NULL,,,"3",NULL,NULL,NULL,"0",NULL,"0",NULL,NULL,NULL
"118","1053493","7","PKA | 6028:","PKA | 6028 PKA: DMA BATU RATNA",,"-1.1791150873659","116.879851520061",,"148","2021-07-26 08:37:00","2021-07-26 08:37:00",NULL,NULL,,,"3",NULL,"62","9","0","62","0",NULL,NULL,NULL
"119","1112078","7","PKA | 6029:","PKA | 6029 PKA: DMA PETROSEA",,"-1.2198671262734","116.823472930713",,"153","2021-09-10 02:55:00","2021-09-27 01:33:00",NULL,NULL,,,"3",NULL,"63","9","0","63","0",NULL,NULL,NULL
"120","1153760","7","PKA | 6030:","PKA | 6030 PKA: DMA PGRI",,"-1.23982422395424","116.884953314804",,"154","2021-10-11 07:33:00","2022-02-04 13:03:00",NULL,NULL,,,"3",NULL,"62","9","0","62","0",NULL,NULL,NULL
"121","1152048","7","WIL 5 | 5021:","WIL 5 | 5021 WIL 5: PMP UJUNG TUMARITIS",,"-1.22271973188834","116.874865702143",,"152","2021-10-08 05:32:00","2022-02-04 12:59:00",NULL,NULL,,,"3",NULL,NULL,"9","0",NULL,"0",NULL,NULL,NULL
"122","1024198","7","WIL 1 | 1018:","WIL 1 | 1018 WIL 1: PMP PESANTREN HIDAYATULLAH GUNUNG TEMBAK",,"-1.13444663839048","116.997935771942",,"144","2021-07-01 08:59:00","2021-07-01 08:59:00",NULL,NULL,,,"3",NULL,NULL,NULL,"0",NULL,"0",NULL,NULL,NULL
"123","1093828","7","WIL 1 | 1020:","WIL 1 | 1020 WIL 1: PMP UNIBA  UJUNG",,"-1.26512200008531","116.866357326508",,"149","2021-08-26 02:01:00","2021-08-26 02:01:00",NULL,NULL,,,"3",NULL,NULL,NULL,"0",NULL,"0",NULL,NULL,NULL
"124","1117746","7","WIL 1 | 1021:","WIL 1 | 1021 WIL 1: PMP CITRA BUKIT INDAH ATAS",,"-1.25632341632504","116.875376515202",,"150","2021-09-14 23:46:00","2022-02-04 13:06:00",NULL,NULL,,,"3",NULL,NULL,NULL,"0",NULL,"0",NULL,NULL,NULL
"125","1009912","7","WIL 2 | 2015","WIL 2 | 2015 WIL 2: PMP PAGAR HIJAU PRAPATAN",,"-1.27217448061956","116.819880008698",,"141","2021-06-21 01:09:00","2021-12-23 00:33:00",NULL,NULL,,,"3",NULL,NULL,NULL,"0",NULL,"0",NULL,NULL,NULL
"126","1009913","7","WIL 2 | 2016","WIL 2 | 2016 WIL 2: PMP KARANG JATI ATAS",,"-1.24779909601989","116.830909252167",,"142","2021-06-21 04:13:00","2021-06-21 04:23:00",NULL,NULL,,,"3",NULL,NULL,NULL,"0",NULL,"0",NULL,NULL,NULL
"127","1024152","7","WIL 2 | 2017","WIL 2 | 2017 WIL 2: PMP KARANG JATI SD PUNCAK",,"-1.24892468603206","116.833117380738",,"143","2021-07-01 08:49:00","2021-07-01 08:51:00",NULL,NULL,,,"3",NULL,NULL,NULL,"0",NULL,"0",NULL,NULL,NULL
"128","1031978","7","WIL 2 | 2018","WIL 2 | 2018 WIL 2: PMP SD DEPAN HOBBIES",,"-1.25082659015647","116.836936175823",,"145","2021-07-08 01:23:00","2021-07-09 00:19:00",NULL,NULL,,,"3",NULL,NULL,NULL,"0",NULL,"0",NULL,NULL,NULL
"129","1151986","7","WIL 3 | 3002:","WIL 3 | 3002 WIL 3: PMP AL MAKMUR ATAS",,"-1.25893832647065","116.858611106873",,"151","2021-10-08 05:02:00","2021-10-08 05:02:00",NULL,NULL,,,"3",NULL,NULL,NULL,"0",NULL,"0",NULL,NULL,NULL
"130","93922","7","PKA | 6031:","PKA | 6031 PKA: DMA GELORA",,"-1.22718473938634","116.843879772241","0.0","129","2017-01-10 04:42:00","2019-08-28 01:33:00","2017-01-19 00:00:00","2022-01-12 00:00:00",,,"3",NULL,NULL,NULL,"0",NULL,"0",NULL,NULL,NULL
"131","94844","7","PKA | 6032:","PKA | 6032 PKA: DMA DOME 6 INCHI",,"-1.24217114005232","116.889163861224",,"77","2017-01-12 02:34:00","2024-08-21 01:24:00","2017-04-27 00:00:00","2022-04-20 00:00:00",,,"3",NULL,NULL,NULL,"0",NULL,"0",NULL,NULL,NULL
"132","1203167","7","PKA | 6033:","PKA | 6033 PKA: DMA PASAR BUTUN",,,,,"155","2021-11-16 06:20:00","2022-02-03 02:10:00",NULL,NULL,,,"3",NULL,NULL,NULL,"0",NULL,"0",NULL,NULL,NULL
"133","1278225","7","IPA | 7005:","IPA | 7005 IPA: DISTRIBUSI IPA KM 8 PIPA 300 SEPINGGAN PRATAMA",,"-1.2144347554526","116.887525320053","0","157","2022-01-12 23:42:00","2022-10-13 03:06:00",NULL,NULL,,,"3",NULL,NULL,NULL,"0",NULL,"0",NULL,NULL,NULL
"134","1321830","7","WIL 4 | 4015:","WIL 4 | 4015 WIL 4: PMP PISANG PISANG BATU BUTOK",,"-1.22477340519134","116.831748783588",,"156","2022-02-10 07:51:00","2022-11-27 23:57:00",NULL,NULL,,,"3",NULL,NULL,NULL,"0",NULL,"0",NULL,NULL,NULL
"135","626568","7","WIL 5 | 5018:","WIL 5 | 5018 WIL 5: PMP GRIYA KARANG JOANG ASRI II",NULL,"-1.17839655726781","116.866460706865",NULL,"170","2020-08-05 05:18:00","2020-08-05 05:18:00",NULL,NULL,NULL,NULL,NULL,NULL,NULL,NULL,NULL,NULL,NULL,NULL,NULL,NULL
"136","1060745","7","WIL 4 | 4006:","WIL 4 | 4006 WIL 4: PMP POL AIRUD",NULL,"-1.21536918194685","116.830138930339",NULL,"171","2021-08-02 01:20:00","2021-08-02 01:20:00",NULL,NULL,NULL,NULL,NULL,NULL,NULL,NULL,NULL,NULL,NULL,NULL,NULL,NULL
"137","1093827","7","WIL 1 | 1019:","WIL 1 | 1019 WIL 1: PMP BLK",NULL,"-1.2505892712116","116.903511285782",NULL,"172","2021-08-26 01:37:00","2022-02-04 13:01:00",NULL,NULL,NULL,NULL,NULL,NULL,NULL,NULL,NULL,NULL,NULL,NULL,NULL,NULL
"138","1319646","7","WIL 4 | 4014:","WIL 4 | 4014 WIL 4: PMP SEBERANG PAGUYUBAN GUAN ZHAO PANDAN SARI",NULL,"-1.2400158","116.8268202","0","159","2022-02-09 08:42:00","2023-05-15 00:56:00",NULL,NULL,NULL,NULL,NULL,NULL,NULL,NULL,NULL,NULL,NULL,NULL,NULL,NULL
"139","1321692","7","WIL 5 | 5025:","WIL 5 | 5025 WIL 5: PMP BANGUN REKSA",NULL,"-1.2076529640572","116.869216561317",NULL,"158","2022-02-10 06:26:00","2024-04-01 23:40:00",NULL,NULL,NULL,NULL,NULL,NULL,NULL,NULL,NULL,NULL,NULL,NULL,NULL,NULL
"140","1321745","7","WIL 3 | 3017:","WIL 3 | 3017 WIL 3: PMP SATRIA",NULL,"-1.25380044946401","116.838355064392",NULL,"173","2022-02-10 07:19:00","2022-11-27 23:56:00",NULL,NULL,NULL,NULL,NULL,NULL,NULL,NULL,NULL,NULL,NULL,NULL,NULL,NULL
"141","1337109","7","PKA | 6034:","PKA | 6034 PKA: DMA SUNGAI WAIN KM 15",NULL,"-1.14869170473128","116.877021789551",NULL,"162","2022-02-18 03:04:00","2022-11-27 23:58:00",NULL,NULL,NULL,NULL,NULL,NULL,NULL,NULL,NULL,NULL,NULL,NULL,NULL,NULL
"142","1741132","7","BOOSTER | 8003","BOOSTER | 8003 BOOSTER: OUTPUT BOOSTER PMP KARANG BUGIS",NULL,"-1.25219150886894","116.835318803787","0","161","2022-05-05 07:13:00","2022-10-13 03:07:00",NULL,NULL,NULL,NULL,NULL,NULL,NULL,NULL,NULL,NULL,NULL,NULL,NULL,NULL
"143","1756373","7","IPA | 7010:","IPA | 7010 IPA: PRESSURE OUT IPA TERITIP",NULL,"-1.15435538612556","116.981627941132",NULL,"163","2022-10-28 02:58:00","2022-10-28 02:58:00",NULL,NULL,NULL,NULL,NULL,NULL,NULL,NULL,NULL,NULL,NULL,NULL,NULL,NULL
"144","1780966","7","PKA | 6035:","PKA | 6035 PKA: DMA PUPUK",NULL,"-1.27051192040117","116.859673261642",NULL,"164","2022-05-19 05:07:00","2022-07-07 08:57:00",NULL,NULL,NULL,NULL,NULL,NULL,NULL,NULL,NULL,NULL,NULL,NULL,NULL,NULL
"145","1837727","7","IPA | 7011:","IPA | 7011 IPA: DISTRIBUSI IPA KAMPUNG DAMAI PIPA 700",NULL,"-1.26207575160779","116.860536932946",NULL,"165","2022-11-30 02:03:00","2023-04-05 06:15:00",NULL,NULL,NULL,NULL,NULL,NULL,NULL,NULL,NULL,NULL,NULL,NULL,NULL,NULL
"146","1653930","7","PKA | 6037:","PKA | 6037 PKA: DMA CITRA CITY",NULL,"-1.26021474946118","116.865327358246",NULL,"166","2022-10-05 05:13:00","2022-10-20 03:41:00",NULL,NULL,NULL,NULL,NULL,NULL,NULL,NULL,NULL,NULL,NULL,NULL,NULL,NULL
"147","1754520","7","PKA | 6038:","PKA | 6038 PKA: DMA TERITIP PANTAI MAS",NULL,"-1.16411998075721","117.004221864045",NULL,"167","2022-05-11 06:55:00","2024-06-05 03:59:00",NULL,NULL,NULL,NULL,NULL,NULL,NULL,NULL,NULL,NULL,NULL,NULL,NULL,NULL
"148","1873211","7","WIL 5 | 5026:","WIL 5 | 5026 WIL 5: PMP PERUM PGRI SOMBER",NULL,"-1.22565","116.81732","0","168","2022-10-10 06:02:00","2022-10-13 03:20:00",NULL,NULL,NULL,NULL,NULL,NULL,NULL,NULL,NULL,NULL,NULL,NULL,NULL,NULL
"149","1821669","7","WIL 5 | 5029:","WIL 5 | 5029 WIL 5: PMP PODOMORO",NULL,"-1.21741670026251","116.826038360596",NULL,"169","2022-07-18 01:25:00","2022-12-05 06:17:00",NULL,NULL,NULL,NULL,NULL,NULL,NULL,NULL,NULL,NULL,NULL,NULL,NULL,NULL
"150","1877574","7","WIL 5 | 5028:","WIL 5 | 5028 WIL 5: PMP SOMBER ALAM BARU",NULL,"-1.2130403196998","116.834514141083",NULL,"174","2022-11-01 08:21:00","2023-04-26 14:27:00",NULL,NULL,NULL,NULL,NULL,NULL,NULL,NULL,NULL,NULL,NULL,NULL,NULL,NULL
"151","1743723","7","PKA | 6039:","PKA | 6039 PKA: DMA PERINTIS",NULL,NULL,NULL,NULL,"175","2022-12-13 00:40:00","2023-04-05 06:14:00",NULL,NULL,NULL,NULL,NULL,NULL,NULL,NULL,NULL,NULL,NULL,NULL,NULL,NULL
"152","1923235","7","PKA | 6040:","PKA | 6040 PKA: DMA RAMAYANA",NULL,"-1.2196692","116.8490576","0","177","2023-01-11 04:31:00","2023-01-11 04:31:00",NULL,NULL,NULL,NULL,NULL,NULL,NULL,NULL,NULL,NULL,NULL,NULL,NULL,NULL
"153","1961255","7","PKA | 6041:","PKA | 6041 PKA: DMA AGUNG TUNGGAL",NULL,"-1.25281363268289","116.868851780891",NULL,"180","2023-01-16 05:59:00","2025-08-04 23:42:00",NULL,NULL,NULL,NULL,NULL,NULL,NULL,NULL,NULL,NULL,NULL,NULL,NULL,NULL
"154","1784320","7","WIL 1 | 1022:","WIL 1 | 1022 WIL 1: PMP PERUM CELEBRATION REGENCY",NULL,"-1.23007383926773","116.899230480194",NULL,"179","2023-01-26 02:17:00","2023-01-26 02:17:00",NULL,NULL,NULL,NULL,NULL,NULL,NULL,NULL,NULL,NULL,NULL,NULL,NULL,NULL
"155","1972443","7","WIL 3 | 3020:","WIL 3 | 3020 WIL 3: PMP VILA DAMAI",NULL,"-1.24678546124294","116.884703636169","0","181","2023-01-26 02:23:00","2023-01-26 02:23:00",NULL,NULL,NULL,NULL,NULL,NULL,NULL,NULL,NULL,NULL,NULL,NULL,NULL,NULL
"156","1972444","7","WIL 3 | 3021:","WIL 3 | 3021 WIL 3: PMP PGRI ATAS",NULL,"-1.23487924584365","116.885181069374","0","178","2023-01-26 02:28:00","2023-05-25 08:02:00",NULL,NULL,NULL,NULL,NULL,NULL,NULL,NULL,NULL,NULL,NULL,NULL,NULL,NULL
"157","1972445","7","PKA | 6042:","PKA | 6042 PKA: DMA ADIGUNA UNGGUL",NULL,"-1.20052254512958","116.863009929657",NULL,"182","2023-01-26 02:36:00","2023-05-25 07:58:00",NULL,NULL,NULL,NULL,NULL,NULL,NULL,NULL,NULL,NULL,NULL,NULL,NULL,NULL
"158","1976613","7","PKA | 6036:","PKA | 6036 PKA: DMA CLAUSE REPPE",,"-1.20727485656471","116.874685585499","0","183","2023-01-31 03:09:00","2023-01-31 03:09:00",NULL,NULL,,,NULL,NULL,NULL,NULL,"0",NULL,"0",NULL,NULL,NULL
"159","1977803","7","WIL 1 | 1023:","WIL 1 | 1023 WIL 1: PMP GUNUNG BINJAI",,,,"0","184","2023-02-01 06:31:00","2023-09-07 07:08:00",NULL,NULL,,,NULL,NULL,NULL,NULL,"0",NULL,"0",NULL,NULL,NULL
"160","2000500","7","WIL 5 | 5027:","WIL 5 | 5027 WIL 5: PMP KANTOR POS PERUMNAS",NULL,"-1.21914365240383","116.843268871307",NULL,"185","2023-02-22 03:31:00","2023-05-25 08:03:00",NULL,NULL,NULL,NULL,NULL,NULL,NULL,NULL,NULL,NULL,NULL,NULL,NULL,NULL
"161","1831850","7","WIL 4 | 4016:","WIL 4 | 4016 WIL 4: PMP KELURAHAN KAMPUNG BARU ULU",NULL,"-1.22449652787451","116.8158771476",NULL,"186","2023-03-14 11:38:00","2023-03-14 11:46:00",NULL,NULL,NULL,NULL,NULL,NULL,NULL,NULL,NULL,NULL,NULL,NULL,NULL,NULL
"162","2028703","7","WIL 2 | 2020","WIL 2 | 2020 WIL 2: PMP KARANG JAWA RT 6 DEPAN GANG MANGGA",NULL,"-1.250185","116.83361","0","187","2023-03-15 08:31:00","2023-04-05 06:11:00",NULL,NULL,NULL,NULL,NULL,NULL,NULL,NULL,NULL,NULL,NULL,NULL,NULL,NULL
"163","2058675","7","WIL 2 | 2021","WIL 2 | 2021 WIL 2: PMP INTELDAM JALAN SIAGA DEKAT HYDRANT",NULL,"-1.26731551129913","116.855156421661",NULL,"188","2023-03-28 03:40:00","2023-04-26 14:32:00",NULL,NULL,NULL,NULL,NULL,NULL,NULL,NULL,NULL,NULL,NULL,NULL,NULL,NULL
"164","2058676","7","WIL 2 | 2022","WIL 2 | 2022 WIL 2: PMP RUKO BANDAR DEPAN INDOMARET",NULL,"-1.27735","116.83391","0","189","2023-03-28 04:08:00","2023-04-10 01:45:00",NULL,NULL,NULL,NULL,NULL,NULL,NULL,NULL,NULL,NULL,NULL,NULL,NULL,NULL
"165","2058677","7","WIL 2 | 2023","WIL 2 | 2023 WIL 2: PMP MARKONI BELAKANG AUTO 2000",NULL,"-1.27404620035758","116.848365068435",NULL,"190","2023-03-28 04:25:00","2023-04-26 14:34:00",NULL,NULL,NULL,NULL,NULL,NULL,NULL,NULL,NULL,NULL,NULL,NULL,NULL,NULL
"166","1841336","7","WIL 2 | 2024","WIL 2 | 2024 WIL 2: PMP MARTADINATA GANG SELECTA",NULL,"-1.25862190218725","116.835511922836",NULL,"191","2023-03-28 05:42:00","2023-04-10 01:47:00",NULL,NULL,NULL,NULL,NULL,NULL,NULL,NULL,NULL,NULL,NULL,NULL,NULL,NULL
"167","1841397","7","WIL 5 | 5030:","WIL 5 | 5030 WIL 5: PMP GAPURA BERANTAS",NULL,"-1.21850006788429","116.84922337532",NULL,"192","2023-03-28 06:18:00","2023-04-10 01:39:00",NULL,NULL,NULL,NULL,NULL,NULL,NULL,NULL,NULL,NULL,NULL,NULL,NULL,NULL
"168","2074549","7","WIL 5 | 5031:","WIL 5 | 5031 WIL 5: PRESSURE GEREJA GIRI REJO KM 15",NULL,"-1.14661072806268","116.877375841141","0","193","2023-04-05 06:22:00","2023-04-05 06:22:00",NULL,NULL,NULL,NULL,NULL,NULL,NULL,NULL,NULL,NULL,NULL,NULL,NULL,NULL
"169","2074551","7","WIL 5 | 5032:","WIL 5 | 5032 WIL 5: PMP SUNGAI WAIN KAMPUS ITK",NULL,"-1.21100229692258","116.852967739105","0","194","2023-04-05 06:31:00","2023-05-16 23:18:00",NULL,NULL,NULL,NULL,NULL,NULL,NULL,NULL,NULL,NULL,NULL,NULL,NULL,NULL
"170","2074554","7","WIL 5 | 5033:","WIL 5 | 5033 WIL 5: PMP GAPURA KM 18 JL TENGKU UMAR",NULL,"-1.13014521522482","116.883330345154",NULL,"195","2023-04-05 06:47:00","2024-03-05 01:08:00",NULL,NULL,NULL,NULL,NULL,NULL,NULL,NULL,NULL,NULL,NULL,NULL,NULL,NULL
"171","2074556","7","WIL 3 | 3018:","WIL 3 | 3018 WIL 3: PMP GUNUNG GUNTUR ASRI ATAS",NULL,"-1.25841","116.84698","0","196","2023-04-05 06:54:00","2023-04-05 06:54:00",NULL,NULL,NULL,NULL,NULL,NULL,NULL,NULL,NULL,NULL,NULL,NULL,NULL,NULL
"172","2087436","7","WIL 1 | 1025:","WIL 1 | 1025 WIL 1: PMP PERUM IQBAL BATAKAN",NULL,"-1.2359679","116.9336874","0","197","2023-04-13 23:56:00","2024-08-13 23:57:00",NULL,NULL,NULL,NULL,NULL,NULL,NULL,NULL,NULL,NULL,NULL,NULL,NULL,NULL
"173","2087437","7","WIL 2 | 2025","WIL 2 | 2025 WIL 2: PMP KOMENDUR ATAS",NULL,"-1.2768509","116.8109589","0","198","2023-04-14 01:46:00","2024-02-11 23:55:00",NULL,NULL,NULL,NULL,NULL,NULL,NULL,NULL,NULL,NULL,NULL,NULL,NULL,NULL
"174","2087439","7","WIL 1 | 1027:","WIL 1 | 1027 WIL 1: PMP INPUT PAPAN LESTARI 6 INCH",NULL,"-1.246764","116.9086959","0","199","2023-04-14 03:38:00",NULL,NULL,NULL,NULL,NULL,NULL,NULL,NULL,NULL,NULL,NULL,NULL,NULL,NULL,NULL
"175","2087440","7","WIL 1 | 1024:","WIL 1 | 1024 WIL 1: PMP GANG MILENIUM 2",NULL,"-1.2297976","116.8765041","0","200","2023-04-14 03:48:00","2023-12-28 00:23:00",NULL,NULL,NULL,NULL,NULL,NULL,NULL,NULL,NULL,NULL,NULL,NULL,NULL,NULL
"176","2087441","7","WIL 1 | 1026:","WIL 1 | 1026 WIL 1: PMP PAPAN LESTARI BAWAH",,"-1.2451842","116.9102172","0","201","2023-04-14 03:56:00","2023-05-25 08:07:00",NULL,NULL,,,NULL,NULL,NULL,NULL,"0",NULL,"0",NULL,NULL,NULL
"177","2112309","7","WIL 3 | 3022:","WIL 3 | 3022 WIL 3: PMP ARIZONA BAWAH GARDU LISTRIK",NULL,"-1.2402514","116.8733625","0","202","2023-05-17 08:32:00",NULL,NULL,NULL,NULL,NULL,NULL,NULL,NULL,NULL,NULL,NULL,NULL,NULL,NULL,NULL
"178","2121492","7","IPA | 7001:","IPA | 7001 IPA: AIR SERVICE KAMPUNG BARU",NULL,"-1.2240026","116.8157213","0","203","2023-05-25 01:45:00","2025-08-04 23:47:00",NULL,NULL,NULL,NULL,NULL,NULL,NULL,NULL,NULL,NULL,NULL,NULL,NULL,NULL
"179","2450192","7","WIL 4 | 4018:","WIL 4 | 4018 WIL 4: PMP SIMPANG 3 BAWAH INPRES 1",NULL,"-1.2349954","116.8369508","0","204","2024-02-06 01:09:00","2024-03-05 00:52:00",NULL,NULL,NULL,NULL,NULL,NULL,NULL,NULL,NULL,NULL,NULL,NULL,NULL,NULL
"180","2123678","7","WIL 5 | 5034:","WIL 5 | 5034 WIL 5: PMP KM 15 GANG SWADAYA",NULL,"-1.2604055","116.8494285","0","205","2023-05-29 07:35:00",NULL,NULL,NULL,NULL,NULL,NULL,NULL,NULL,NULL,NULL,NULL,NULL,NULL,NULL,NULL
"181","2450193","7","WIL 3 | 3023:","WIL 3 | 3023 WIL 3: PMP DR SUTOMO PANTI ASUHAN AISIYAH",NULL,"-1.2124003","116.8686545","0","206","2024-02-06 01:53:00","2024-05-28 00:07:00",NULL,NULL,NULL,NULL,NULL,NULL,NULL,NULL,NULL,NULL,NULL,NULL,NULL,NULL
"182","2450194","7","WIL 4 | 4019:","WIL 4 | 4019 WIL 4: PMP SEBERANG GANG ANGGREK 2 INPRES 1",NULL,"-1.2324968","116.8397439","0","207","2024-02-06 02:54:00","2024-02-13 03:08:00",NULL,NULL,NULL,NULL,NULL,NULL,NULL,NULL,NULL,NULL,NULL,NULL,NULL,NULL
"183","2632031","7","WIL 4 | 4020:","WIL 4 | 4020 WIL 4: PMP SEBERANG KUBURAN ASKIT",NULL,"-1.2313658","116.822684","0","208","2024-05-31 05:20:00","2024-05-31 12:06:00",NULL,NULL,NULL,NULL,NULL,NULL,NULL,NULL,NULL,NULL,NULL,NULL,NULL,NULL
"184","2658227","7","PKA | 6043:","PKA | 6043 PKA: DMA DINAS PASAR",NULL,"-1.2439697","116.8970597","0","209","2024-06-19 06:29:00","2024-07-03 06:52:00",NULL,NULL,NULL,NULL,NULL,NULL,NULL,NULL,NULL,NULL,NULL,NULL,NULL,NULL
"185","2722388","7","BOOSTER | 8010:","BOOSTER | 8010 BOOSTER: INPUT OUTPUT BOOSTER MARTADINATA",NULL,,,"0","210","2024-08-08 08:46:00","2024-11-20 03:40:00",NULL,NULL,NULL,NULL,NULL,NULL,NULL,NULL,NULL,NULL,NULL,NULL,NULL,NULL
"186","2831238","7","PKA | 6044:","PKA | 6044 PKA: DMA KARANG JOANG ASRI 2",NULL,"-1.1816419","116.8664796","0","211","2024-11-05 08:05:00","2025-01-07 02:30:00",NULL,NULL,NULL,NULL,NULL,NULL,NULL,NULL,NULL,NULL,NULL,NULL,NULL,NULL
"187","2849800","7","BOOSTER | 8011:","BOOSTER | 8011 BOOSTER: INPUT OUTPUT BOOSTER RENGGANIS",NULL,"-1.2413788","116.8759877","0","212","2024-11-20 03:36:00","2024-11-20 09:15:00",NULL,NULL,NULL,NULL,NULL,NULL,NULL,NULL,NULL,NULL,NULL,NULL,NULL,NULL
"188","2899219","7","WIL 1 | 1028:","WIL 1 | 1028 WIL 1: PMP PERUSDA",NULL,"-1.2443411","116.8976953","0","213",NULL,NULL,NULL,NULL,NULL,NULL,NULL,NULL,NULL,NULL,NULL,NULL,NULL,NULL,NULL,NULL
"189","2905403","7","BOOSTER | 8012:","BOOSTER | 8012 BOOSTER: BOOSTER MINI ZIPUR",NULL,"-1.2187154","116.8490284","0","214","2025-01-13 06:44:00","2025-01-13 06:45:00",NULL,NULL,NULL,NULL,NULL,NULL,NULL,NULL,NULL,NULL,NULL,NULL,NULL,NULL
"190","2919458","7","WIL 4 | 4021:","WIL 4 | 4021 WIL 4: PMP GUNUNG POLISI",NULL,"-1.2413117","116.8324499","0","215","2025-01-21 09:12:00","2025-02-16 01:56:00",NULL,NULL,NULL,NULL,NULL,NULL,NULL,NULL,NULL,NULL,NULL,NULL,NULL,NULL
"191","2925302","7","WIL 2 | 2026","WIL 2 | 2026 WIL 2: PMP BUKIT SIAGA INDAH",NULL,"-1.2619353","116.8441373","0","216","2025-01-22 08:34:00","2025-03-19 03:36:00",NULL,NULL,NULL,NULL,NULL,NULL,NULL,NULL,NULL,NULL,NULL,NULL,NULL,NULL
"192","2925168","7","WIL 4 | 4022:","WIL 4 | 4022 WIL 4: PMP 21 JANUARI",NULL,"-1.2342687","116.816265","0","217","2025-01-22 06:56:00","2025-01-22 08:14:00",NULL,NULL,NULL,NULL,NULL,NULL,NULL,NULL,NULL,NULL,NULL,NULL,NULL,NULL
"193","2925363","7","PKA | 6045:","PKA | 6045 PKA: DMA PRV BDI",NULL,"-1.2555836","116.8698028","0","218",NULL,NULL,NULL,NULL,NULL,NULL,NULL,NULL,NULL,NULL,NULL,NULL,NULL,NULL,NULL,NULL
"194","2941499","7","WIL 2 | 2027","WIL 2 | 2027 WIL 2: PMP GAPURA KARANG JAWA",NULL,"-1.2467648","116.8345604","0","219",NULL,NULL,NULL,NULL,NULL,NULL,NULL,NULL,NULL,NULL,NULL,NULL,NULL,NULL,NULL,NULL
"195","2948862","7","WIL 2 | 2019","WIL 2 | 2019 WIL 2: PMP MARKONI ATAS",NULL,"-1.2700927","116.8463729","0","220","2025-02-06 09:08:00",NULL,NULL,NULL,NULL,NULL,NULL,NULL,NULL,NULL,NULL,NULL,NULL,NULL,NULL,NULL
"196","2951698","7","WIL 1 | 1029:","WIL 1 | 1029 WIL 1: PMP BATASAN PRV BDI BLOK J",NULL,"-1.2562887","116.8720881","0","221","2025-02-10 03:40:00",NULL,NULL,NULL,NULL,NULL,NULL,NULL,NULL,NULL,NULL,NULL,NULL,NULL,NULL,NULL
"197","2948379","7","JEMBATAN PIPA | 9003:","JP | 9003 JP: JEMBATAN PIPA HERLY PIPA 300 MM",NULL,"-1.2615474","116.8616936","0","222","2025-02-06 00:42:00","2025-02-10 03:46:00",NULL,NULL,NULL,NULL,NULL,NULL,NULL,NULL,NULL,NULL,NULL,NULL,NULL,NULL
"198","2951707","7","WIL 3 | 3024:","WIL 3 | 3024 WIL 3: PMP PEMDA WIKA",NULL,"-1.2360616","116.8701551","0","223",NULL,NULL,NULL,NULL,NULL,NULL,NULL,NULL,NULL,NULL,NULL,NULL,NULL,NULL,NULL,NULL
"199","3015676","7","WIL 1 | 1030:","WIL 1 | 1030 WIL 1: PMP BATAKAN PERMAI 2",NULL,"-1.2249607","116.929909","0","224","2025-03-19 01:59:00","2025-03-26 00:13:00",NULL,NULL,NULL,NULL,NULL,NULL,NULL,NULL,NULL,NULL,NULL,NULL,NULL,NULL
"200","3015677","7","WIL 3 | 3019:","WIL 3 | 3019 WIL 3: PMP GAPURA GUNUNG GUNTUR ASRI BAWAH",NULL,"-1.2582407","116.8466364","0","225","2025-03-19 02:19:00","2025-03-26 02:25:00",NULL,NULL,NULL,NULL,NULL,NULL,NULL,NULL,NULL,NULL,NULL,NULL,NULL,NULL
"201","3015684","7","WIL 4 | 4023:","WIL 4 | 4023 WIL 4: PMP WISMA GUNUNG 4 INPRES 2",NULL,"-1.2244609","116.8262281","0","226","2025-03-19 02:55:00",NULL,NULL,NULL,NULL,NULL,NULL,NULL,NULL,NULL,NULL,NULL,NULL,NULL,NULL,NULL
"202","3015686","7","WIL 4 | 4024:","WIL 4 | 4024 WIL 4: PMP PUSKESMAS MARGO MULYO GUNUNG 4",NULL,"-1.2286446","116.8295224","0","227","2025-03-19 03:22:00","2025-03-26 00:33:00",NULL,NULL,NULL,NULL,NULL,NULL,NULL,NULL,NULL,NULL,NULL,NULL,NULL,NULL
"203","3015687","7","WIL 4 | 4025:","WIL 4 | 4025 WIL 4: PMP GANG MACAN",NULL,"-1.2223358","116.8119613","0","228","2025-03-19 03:39:00","2025-03-19 03:59:00",NULL,NULL,NULL,NULL,NULL,NULL,NULL,NULL,NULL,NULL,NULL,NULL,NULL,NULL
"204","3015688","7","WIL 4 | 4026:","WIL 4 | 4026 WIL 4: PMP JALAN SUMBER MULYO",NULL,"-1.2398754","116.8331807","0","229","2025-03-19 03:57:00","2025-03-26 00:17:00",NULL,NULL,NULL,NULL,NULL,NULL,NULL,NULL,NULL,NULL,NULL,NULL,NULL,NULL
"205","3015690","7","WIL 4 | 4027:","WIL 4 | 4027 WIL 4: PMP SAMPING PALDAM",NULL,"-1.2308101","116.8396756","0","230","2025-03-19 04:14:00","2025-03-26 00:28:00",NULL,NULL,NULL,NULL,NULL,NULL,NULL,NULL,NULL,NULL,NULL,NULL,NULL,NULL
"206","3015692","7","WIL 3 | 3025:","WIL 3 | 3025 WIL 3: PMP CHAMBER GUNUNG GUNTUR PIPA 4 INCHI",NULL,"-1.2546306","116.8394166","0","231","2025-03-19 04:27:00","2025-03-26 00:43:00",NULL,NULL,NULL,NULL,NULL,NULL,NULL,NULL,NULL,NULL,NULL,NULL,NULL,NULL
"207","3026884","7","WIL 4 | 4029:","WIL 4 | 4029 WIL 4: PMP GUNUNG 1",NULL,"-1.2324494","116.8248053","0","232",NULL,NULL,NULL,NULL,NULL,NULL,NULL,NULL,NULL,NULL,NULL,NULL,NULL,NULL,NULL,NULL
"208","3050457","7","WIL 4 | 4013:","WIL 4 | 4013 WIL 4: PMP JUMPI TK KENANGA",NULL,"-1.2268887","116.8121869","0","233","2025-04-14 07:19:00","2025-04-14 08:05:00",NULL,NULL,NULL,NULL,NULL,NULL,NULL,NULL,NULL,NULL,NULL,NULL,NULL,NULL
"209","3050558","7","WIL 3 | 3006:","WIL 3 | 3006 WIL 3: PMP GUNUNG GUNTUR PIPA 8 INCHI",NULL,"-1.2546854","116.8393174","0","234","2025-04-14 08:14:00",NULL,NULL,NULL,NULL,NULL,NULL,NULL,NULL,NULL,NULL,NULL,NULL,NULL,NULL,NULL
"210","3058545","7","WIL 5 | 5035:","WIL 5 | 5035 WIL 5: PMP DMA RAMAYANA BAWAH",NULL,"-1.2197659","116.8491465","0","235","2025-04-21 02:34:00",NULL,NULL,NULL,NULL,NULL,NULL,NULL,NULL,NULL,NULL,NULL,NULL,NULL,NULL,NULL
"211","3058596","7","WIL 3 | 3007:","WIL 3 | 3007 WIL 3: PMP DAUN VILAGE ATAS",NULL,"-1.2336463","116.8458385","0","236",NULL,NULL,NULL,NULL,NULL,NULL,NULL,NULL,NULL,NULL,NULL,NULL,NULL,NULL,NULL,NULL
"212","3058671","7","WIL 4 | 4007:","WIL 4 | 4007 WIL 4: PMP KLAMONO KANAN RT 64 PISANG PISANG",NULL,"-1.239649","116.8342151","0","237","2025-04-22 06:19:00",NULL,NULL,NULL,NULL,NULL,NULL,NULL,NULL,NULL,NULL,NULL,NULL,NULL,NULL,NULL
"213","3015693","7","WIL 4 | 4028:","WIL 4 | 4028 WIL 4: PMP SEBERANG LAPANGAN FONI",NULL,"-1.2336143","116.8215556","0","238","2025-03-19 04:53:00","2025-04-24 05:44:00",NULL,NULL,NULL,NULL,NULL,NULL,NULL,NULL,NULL,NULL,NULL,NULL,NULL,NULL
"214","3058662","7","WIL 3 | 3014:","WIL 3 | 3014 WIL 3: PMP WONOREJO ATAS",NULL,"-1.2336463","116.8458385","0","239","2025-04-22 06:05:00",NULL,NULL,NULL,NULL,NULL,NULL,NULL,NULL,NULL,NULL,NULL,NULL,NULL,NULL,NULL
"215","3058820","7","WIL 4 | 4003:","WIL 4 | 4003 WIL 4: PMP KARANG ANYAR",NULL,"-1.2411983","116.8292481","0","240","2025-04-22 07:03:00",NULL,NULL,NULL,NULL,NULL,NULL,NULL,NULL,NULL,NULL,NULL,NULL,NULL,NULL,NULL
"216","3182444","7","PKA | 6046:","PKA | 6046 PKA: DMA PERUM BDS 2",NULL,"-1.2598948","116.8757103","0","241",NULL,NULL,NULL,NULL,NULL,NULL,NULL,NULL,NULL,NULL,NULL,NULL,NULL,NULL,NULL,NULL
"217","3218588","7","WIL 1 | 1002:","WIL 1 | 1002 WIL 1: PMP POKA JALAN BUNTU",NULL,"-1.2602844","116.8832198","0","242",NULL,NULL,NULL,NULL,NULL,NULL,NULL,NULL,NULL,NULL,NULL,NULL,NULL,NULL,NULL,NULL
"218","3218799","7","SAB | 10001:","SAB | 10001 SAB: CHAMBER AIR BAKU OM AKID KAMPUNG DAMAI",NULL,"-1.1942548","116.8900893","0","243",NULL,NULL,NULL,NULL,NULL,NULL,NULL,NULL,NULL,NULL,NULL,NULL,NULL,NULL,NULL,NULL
"219","3237623","7","SAB | 10002:","SAB | 10002 SAB: CHAMBER AIR BAKU OM AKID KM 8",NULL,"-1.1745801","116.9159922","0","244",NULL,NULL,NULL,NULL,NULL,NULL,NULL,NULL,NULL,NULL,NULL,NULL,NULL,NULL,NULL,NULL
"220","3237624","7","SAB | 10003:","SAB | 9003 SAB: CHAMBER AIR BAKU SAFA MARWAH KAMPUNG DAMAI",NULL,"-1.1952766","116.888548","0","245",NULL,NULL,NULL,NULL,NULL,NULL,NULL,NULL,NULL,NULL,NULL,NULL,NULL,NULL,NULL,NULL
"221","3237626","7","SAB | 10004:","SAB | 10004 SAB: CHAMBER AIR BAKU SAFA MARWAH KM 8",NULL,"-1.1939481","116.8894344","0","246",NULL,NULL,NULL,NULL,NULL,NULL,NULL,NULL,NULL,NULL,NULL,NULL,NULL,NULL,NULL,NULL
"222","3237627","7","SAB | 10005:","SAB | 10005 SAB: CHAMBER AIR BAKU MARDATILAH KAMPUNG DAMAI",NULL,"-1.1945126","116.8912304","0","247",NULL,NULL,NULL,NULL,NULL,NULL,NULL,NULL,NULL,NULL,NULL,NULL,NULL,NULL,NULL,NULL
"223","3237629","7","SAB | 10006:","SAB | 10006 SAB: CHAMBER AIR BAKU MARTADILAH KM 8",NULL,"-1.1929071","116.8889201","0","248",NULL,NULL,NULL,NULL,NULL,NULL,NULL,NULL,NULL,NULL,NULL,NULL,NULL,NULL,NULL,NULL
"224","3237641","7","JEMBATAN PIPA | 9001:","JP | 9001 JP: JEMBATAN PIPA JALAN CEMARA",NULL,"-1.2594405","116.839247","0","249",NULL,NULL,NULL,NULL,NULL,NULL,NULL,NULL,NULL,NULL,NULL,NULL,NULL,NULL,NULL,NULL
"225","3294085","7","WIL 5 | 5036:","WIL 5 | 5036 WIL 5: PMP KM 17 DALAM DEKAT LANGGAR",NULL,"-1.21798695","116.89585125","0","250",NULL,NULL,NULL,NULL,NULL,NULL,NULL,NULL,NULL,NULL,NULL,NULL,NULL,NULL,NULL,NULL
"226","3305246","7","WIL 5 | 5037:","WIL 5 | 5037 WIL 5: PMP SEBERANG SMA N 9 KM 15",NULL,"-1.21798695","116.89800615","0","251",NULL,NULL,NULL,NULL,NULL,NULL,NULL,NULL,NULL,NULL,NULL,NULL,NULL,NULL,NULL,NULL
"227","3305247","7","WIL 5 | 5038:","WIL 5 | 5038 WIL 5: PMP TENGKU UMAR DALAM DEKAT MASJID SUNAN AMPEL",NULL,"-1.21743225","116.899606","0","252",NULL,NULL,NULL,NULL,NULL,NULL,NULL,NULL,NULL,NULL,NULL,NULL,NULL,NULL,NULL,NULL
"228","187651","7","IPA | 7002:","IPA | 7002 IPA: DEBIT DISTRIBUSI PIPA 300 DAN 500",NULL,"-1.2620942","116.8606526","0","253","2018-08-14 06:08:00","2023-06-01 01:50:00",NULL,NULL,NULL,NULL,NULL,NULL,NULL,NULL,NULL,NULL,NULL,NULL,NULL,NULL
"229","2087442","7","JEMBATAN PIPA | 9004:","JP | 9004 JP: JEMBATAN PIPA DOME PIPA 300 MM",NULL,"-1.2443632","116.8975802","0","254","2023-04-14 04:14:00",NULL,NULL,NULL,NULL,NULL,NULL,NULL,NULL,NULL,NULL,NULL,NULL,NULL,NULL,NULL
"230","3305248","7","JEMBATAN PIPA | 9002:","JP | 9002 JP: JEMBATAN PIPA ZURICH",NULL,"-1.2416674","116.8888069","0","255",NULL,NULL,NULL,NULL,NULL,NULL,NULL,NULL,NULL,NULL,NULL,NULL,NULL,NULL,NULL,NULL
"231","3318779","7","DMA BANTUAN | 1101:","DMA BANTUAN | 1101 DMA: DMA UTARA PERUM PURI RATU KENCANA",NULL,"-1.2368326","116.8903502","0","256",NULL,NULL,NULL,NULL,NULL,NULL,NULL,NULL,NULL,NULL,NULL,NULL,NULL,NULL,NULL,NULL
"232","3366202","7","DMA BANTUAN | 1102:","DMA BANTUAN | 1102 DMA: DMA UTARA PERUM PONDOK MENTARI",NULL,"-1.233225","116.8882131","0","257",NULL,NULL,NULL,NULL,NULL,NULL,NULL,NULL,NULL,NULL,NULL,NULL,NULL,NULL,NULL,NULL
"233","3366216","7","DMA BANTUAN | 1103:","DMA BANTUAN | 1103 DMA: DMA UTARA PERUM DIPONOGORO",NULL,"-1.2295686","116.8632305","0","258",NULL,NULL,NULL,NULL,NULL,NULL,NULL,NULL,NULL,NULL,NULL,NULL,NULL,NULL,NULL,NULL
"234","3366296","7","DMA BANTUAN | 1104:","DMA BANTUAN | 1104 DMA: DMA UTARA PERUM ADIGUNA",NULL,"-1.2005555","116.8629802","0","259",NULL,NULL,NULL,NULL,NULL,NULL,NULL,NULL,NULL,NULL,NULL,NULL,NULL,NULL,NULL,NULL
"235","3366567","7","DMA BANTUAN | 1105:","DMA BANTUAN | 1105 DMA: DMA UTARA PERUM CLAUSE REPPE",NULL,"-1.2074401","116.874764","0","260",NULL,NULL,NULL,NULL,NULL,NULL,NULL,NULL,NULL,NULL,NULL,NULL,NULL,NULL,NULL,NULL
"236","3366629","7","DMA BANTUAN | 1106:","DMA BANTUAN | 1106 DMA: DMA TIMUR PERUM BATAKAN ASRI",NULL,"-1.2305486","116.9479401","0","261",NULL,NULL,NULL,NULL,NULL,NULL,NULL,NULL,NULL,NULL,NULL,NULL,NULL,NULL,NULL,NULL
"237","3367054","7","DMA BANTUAN | 1107:","DMA BANTUAN | 1107 DMA: DMA TIMUR TERITIP SMP NEGERI 13",NULL,"-1.2211114","116.9054601","0","262",NULL,NULL,NULL,NULL,NULL,NULL,NULL,NULL,NULL,NULL,NULL,NULL,NULL,NULL,NULL,NULL
"238","3367070","7","DMA BANTUAN | 1108:","DMA BANTUAN | 1108 DMA: DMA TIMUR JALAN PATOK MERAH",NULL,"-1.2211114","116.9054601","0","263",NULL,NULL,NULL,NULL,NULL,NULL,NULL,NULL,NULL,NULL,NULL,NULL,NULL,NULL,NULL,NULL
"239","3367123","7","DMA BANTUAN | 1109:","DMA BANTUAN | 1109 DMA: DMA JALAN SELILI",NULL,"-1.2211114","116.9054601","0","264",NULL,NULL,NULL,NULL,NULL,NULL,NULL,NULL,NULL,NULL,NULL,NULL,NULL,NULL,NULL,NULL
"240","3367346","7","DMA BANTUAN | 1110:","DMA BANTUAN | 1110 DMA: DMA PERUM BTN",NULL,"-1.22111145","116.90546015","0","265",NULL,NULL,NULL,NULL,NULL,NULL,NULL,NULL,NULL,NULL,NULL,NULL,NULL,NULL,NULL,NULL
"241","3367395","7","DMA BANTUAN | 1111:","DMA BANTUAN | 1111 DMA: DMA JALAN BALAI BENIH",NULL,"-1.218694","116.9054601","0","266",NULL,NULL,NULL,NULL,NULL,NULL,NULL,NULL,NULL,NULL,NULL,NULL,NULL,NULL,NULL,NULL
"242","3367421","7","WIL 1 | 1031:","WIL 1 | 1031 WIL 1: PMP JALUR OUTPUT IPAM GUNUNG TEMBAK",NULL,"-1.21689025","116.90546015","0","267",NULL,NULL,NULL,NULL,NULL,NULL,NULL,NULL,NULL,NULL,NULL,NULL,NULL,NULL,NULL,NULL
"243","3374622","7","WIL 1 | 1032:","WIL 1 | 1032 WIL 1: PMP PERUM BATAKAN PERMAI 2 BLOK K",NULL,"-1.21555205","116.90546015","0","268",NULL,NULL,NULL,NULL,NULL,NULL,NULL,NULL,NULL,NULL,NULL,NULL,NULL,NULL,NULL,NULL
"244","3374623","7","WIL 1 | 1033:","WIL 1 | 1033 WIL 1: PMP GUNUNG BAKARAN EX HALIBURTON",NULL,"-1.21555205","116.90546015","0","269",NULL,NULL,NULL,NULL,NULL,NULL,NULL,NULL,NULL,NULL,NULL,NULL,NULL,NULL,NULL,NULL
"245","3374624","7"," WIL 2 | 2028","WIL 2 | 2028 WIL 2: PMP GANG SAHABAT LUAR GUNUNG MALANG",NULL,"-1.21899435","116.91135205","0","270",NULL,NULL,NULL,NULL,NULL,NULL,NULL,NULL,NULL,NULL,NULL,NULL,NULL,NULL,NULL,NULL
"246","3374625","7"," WIL 2 | 2029","WIL 2 | 2029 WIL 2: PMP GANG SAHABAT DALAM GUNUNG MALANG",NULL,"-1.223050325","116.9267001","0","271",NULL,NULL,NULL,NULL,NULL,NULL,NULL,NULL,NULL,NULL,NULL,NULL,NULL,NULL,NULL,NULL
"247","3374626","7"," WIL 2 | 2030","WIL 2 | 2030 WIL 2: PMP OUTPUT BOOSTER KARANG JATI",NULL,"-1.2193011875","116.9160801","0","272",NULL,NULL,NULL,NULL,NULL,NULL,NULL,NULL,NULL,NULL,NULL,NULL,NULL,NULL,NULL,NULL
